URL,Repo,pom-check,PR,merged
https://github.com/CyC2018/CS-Notes,CyC2018/CS-Notes,none,484,361
https://github.com/Snailclimb/JavaGuide,Snailclimb/JavaGuide,none,412,284
https://github.com/spring-projects/spring-boot,spring-projects/spring-boot,none,4229,41
https://github.com/kdn251/interviews,kdn251/interviews,none,71,42
https://github.com/PhilJay/MPAndroidChart,PhilJay/MPAndroidChart,none,348,189
https://github.com/bumptech/glide,bumptech/glide,none,493,338
https://github.com/zxing/zxing,zxing/zxing,include-Pom,272,153
https://github.com/JakeWharton/butterknife,JakeWharton/butterknife,none,462,342
https://github.com/netty/netty,netty/netty,none,5183,1441
https://github.com/greenrobot/EventBus,greenrobot/EventBus,none,74,29
https://github.com/ityouknow/spring-boot-examples,ityouknow/spring-boot-examples,include-Pom,34,5
https://github.com/skylot/jadx,skylot/jadx,none,246,211
https://github.com/eugenp/tutorials,eugenp/tutorials,include-Pom,9130,6479
https://github.com/NationalSecurityAgency/ghidra,NationalSecurityAgency/ghidra,none,254,139
https://github.com/scwang90/SmartRefreshLayout,scwang90/SmartRefreshLayout,none,18,6
https://github.com/CymChad/BaseRecyclerViewAdapterHelper,CymChad/BaseRecyclerViewAdapterHelper,none,257,190
https://github.com/ReactiveX/RxAndroid,ReactiveX/RxAndroid,none,227,167
https://github.com/google/gson,google/gson,include-Pom,318,203
https://github.com/square/picasso,square/picasso,none,641,470
https://github.com/chrisbanes/PhotoView,chrisbanes/PhotoView,none,131,52
https://github.com/hollischuang/toBeTopJavaer,hollischuang/toBeTopJavaer,none,34,25
https://github.com/wuyouzhuguli/SpringAll,wuyouzhuguli/SpringAll,none,2,1
https://github.com/alibaba/spring-cloud-alibaba,alibaba/spring-cloud-alibaba,include-Pom,499,378
https://github.com/redisson/redisson,redisson/redisson,include-Pom,300,228
https://github.com/linlinjava/litemall,linlinjava/litemall,include-Pom,113,58
https://github.com/looly/hutool,looly/hutool,none,162,72
https://github.com/hdodenhof/CircleImageView,hdodenhof/CircleImageView,none,53,13
https://github.com/brettwooldridge/HikariCP,brettwooldridge/HikariCP,none,270,183
https://github.com/react-native-community/lottie-react-native,react-native-community/lottie-react-native,none,168,123
https://github.com/JeffLi1993/springboot-learning-example,JeffLi1993/springboot-learning-example,include-Pom,20,6
https://github.com/oracle/graal,oracle/graal,none,664,419
https://github.com/alibaba/nacos,alibaba/nacos,none,803,580
https://github.com/LMAX-Exchange/disruptor,LMAX-Exchange/disruptor,none,76,42
https://github.com/facebook/stetho,facebook/stetho,none,294,262
https://github.com/Bigkoo/Android-PickerView,Bigkoo/Android-PickerView,none,56,32
https://github.com/daimajia/AndroidSwipeLayout,daimajia/AndroidSwipeLayout,none,38,22
https://github.com/eclipse/deeplearning4j,eclipse/deeplearning4j,include-Pom,3683,3349
https://github.com/Tencent/QMUI_Android,Tencent/QMUI_Android,none,26,11
https://github.com/dyc87112/SpringBoot-Learning,dyc87112/SpringBoot-Learning,include-Pom,2,1
https://github.com/wix/react-native-navigation,wix/react-native-navigation,none,1893,1392
https://github.com/Konloch/bytecode-viewer,Konloch/bytecode-viewer,none,54,35
https://github.com/eclipse-vertx/vert.x,eclipse-vertx/vert.x,include-Pom,1550,956
https://github.com/androidannotations/androidannotations,androidannotations/androidannotations,none,629,548
https://github.com/Tencent/VasSonic,Tencent/VasSonic,none,113,70
https://github.com/apache/hadoop,apache/hadoop,none,1775,761
https://github.com/material-components/material-components-android,material-components/material-components-android,none,200,7
https://github.com/naver/pinpoint,naver/pinpoint,include-Pom,4132,3791
https://github.com/arduino/Arduino,arduino/Arduino,none,1314,676
https://github.com/iBotPeaches/Apktool,iBotPeaches/Apktool,none,234,163
https://github.com/permissions-dispatcher/PermissionsDispatcher,permissions-dispatcher/PermissionsDispatcher,none,264,235
https://github.com/android-hacker/VirtualXposed,android-hacker/VirtualXposed,none,53,34
https://github.com/youth5201314/banner,youth5201314/banner,none,21,10
https://github.com/medcl/elasticsearch-analysis-ik,medcl/elasticsearch-analysis-ik,include-Pom,81,50
https://github.com/H07000223/FlycoTabLayout,H07000223/FlycoTabLayout,none,2,0
https://github.com/lingochamp/FileDownloader,lingochamp/FileDownloader,none,58,36
https://github.com/JessYanCoding/MVPArms,JessYanCoding/MVPArms,none,69,32
https://github.com/aosp-mirror/platform_frameworks_base,aosp-mirror/platform_frameworks_base,none,107,1
https://github.com/code4craft/webmagic,code4craft/webmagic,include-Pom,124,70
https://github.com/umano/AndroidSlidingUpPanel,umano/AndroidSlidingUpPanel,none,127,81
https://github.com/nathanmarz/storm,nathanmarz/storm,none,267,144
https://github.com/TeamNewPipe/NewPipe,TeamNewPipe/NewPipe,none,739,547
https://github.com/justauth/JustAuth,justauth/JustAuth,include-Pom,42,39
https://github.com/sqshq/piggymetrics,sqshq/piggymetrics,include-Pom,34,21
https://github.com/codecentric/spring-boot-admin,codecentric/spring-boot-admin,include-Pom,253,112
https://github.com/chrisbanes/Android-PullToRefresh,chrisbanes/Android-PullToRefresh,include-Pom,63,30
https://github.com/perwendel/spark,perwendel/spark,include-Pom,432,251
https://github.com/java-decompiler/jd-gui,java-decompiler/jd-gui,none,29,9
https://github.com/mission-peace/interview,mission-peace/interview,none,113,72
https://github.com/chrisjenx/Calligraphy,chrisjenx/Calligraphy,none,87,67
https://github.com/roughike/BottomBar,roughike/BottomBar,none,108,67
https://github.com/gyf-dev/ImmersionBar,gyf-dev/ImmersionBar,none,4,1
https://github.com/koral--/android-gif-drawable,koral--/android-gif-drawable,none,123,102
https://github.com/laobie/StatusBarUtil,laobie/StatusBarUtil,none,8,6
https://github.com/janishar/mit-deep-learning-book-pdf,janishar/mit-deep-learning-book-pdf,none,5,5
https://github.com/Freelander/Android_Data,Freelander/Android_Data,none,10,5
https://github.com/florent37/MaterialViewPager,florent37/MaterialViewPager,none,32,27
https://github.com/square/javapoet,square/javapoet,include-Pom,428,316
https://github.com/jhy/jsoup,jhy/jsoup,include-Pom,254,113
https://github.com/lionsoul2014/ip2region,lionsoul2014/ip2region,none,39,36
https://github.com/paascloud/paascloud-master,paascloud/paascloud-master,include-Pom,13,3
https://github.com/lihengming/spring-boot-api-project-seed,lihengming/spring-boot-api-project-seed,include-Pom,15,1
https://github.com/junit-team/junit4,junit-team/junit4,none,848,449
https://github.com/lzyzsd/JsBridge,lzyzsd/JsBridge,none,23,19
https://github.com/alibaba/atlas,alibaba/atlas,none,53,31
https://github.com/pxb1988/dex2jar,pxb1988/dex2jar,none,7,4
https://github.com/ChrisRM/material-theme-jetbrains,ChrisRM/material-theme-jetbrains,none,98,68
https://github.com/Netflix/SimianArmy,Netflix/SimianArmy,none,218,191
https://github.com/facebook/buck,facebook/buck,none,1050,39
https://github.com/android/testing-samples,android/testing-samples,none,136,100
https://github.com/ybq/Android-SpinKit,ybq/Android-SpinKit,none,12,12
https://github.com/hs-web/hsweb-framework,hs-web/hsweb-framework,include-Pom,55,40
https://github.com/heibaiying/BigData-Notes,heibaiying/BigData-Notes,none,6,1
https://github.com/pedant/sweet-alert-dialog,pedant/sweet-alert-dialog,none,5,2
https://github.com/firebase/quickstart-android,firebase/quickstart-android,none,401,347
https://github.com/crazycodeboy/TakePhoto,crazycodeboy/TakePhoto,none,9,8
https://github.com/TooTallNate/Java-WebSocket,TooTallNate/Java-WebSocket,include-Pom,306,242
https://github.com/hyb1996/Auto.js,hyb1996/Auto.js,none,41,37
https://github.com/shwenzhang/AndResGuard,shwenzhang/AndResGuard,none,42,33
https://github.com/facebook/litho,facebook/litho,none,326,49
https://github.com/leolin310148/ShortcutBadger,leolin310148/ShortcutBadger,none,61,47
https://github.com/lecho/hellocharts-android,lecho/hellocharts-android,none,34,22
https://github.com/shwenzhang/AndResGuard,shwenzhang/AndResGuard,none,42,33
https://github.com/facebook/litho,facebook/litho,none,326,49
https://github.com/Activiti/Activiti,Activiti/Activiti,none,1629,1193
https://github.com/koush/AndroidAsync,koush/AndroidAsync,none,122,91
https://github.com/DuGuQiuBai/Java,DuGuQiuBai/Java,none,1,0
https://github.com/huanghaibin-dev/CalendarView,huanghaibin-dev/CalendarView,none,13,8
https://github.com/airbnb/epoxy,airbnb/epoxy,none,376,354
https://github.com/alibaba/DataX,alibaba/DataX,include-Pom,48,22
https://github.com/google/android-classyshark,google/android-classyshark,none,97,95
https://github.com/swagger-api/swagger-core,swagger-api/swagger-core,include-Pom,1227,918
https://github.com/react-native-community/react-native-image-picker,react-native-community/react-native-image-picker,none,245,159
https://github.com/Qihoo360/RePlugin,Qihoo360/RePlugin,none,169,142
https://github.com/zendesk/android-floating-action-button,zendesk/android-floating-action-button,none,61,25
https://github.com/koush/ion,koush/ion,none,64,52
https://github.com/eclipse/che,eclipse/che,include-Pom,6772,6222
https://github.com/kevin-wayne/algs4,kevin-wayne/algs4,include-Pom,40,5
https://github.com/rey5137/material,rey5137/material,none,41,24
https://github.com/NLPchina/elasticsearch-sql,NLPchina/elasticsearch-sql,include-Pom,205,86
https://github.com/singwhatiwanna/dynamic-load-apk,singwhatiwanna/dynamic-load-apk,none,45,35
https://github.com/crossoverJie/cim,crossoverJie/cim,include-Pom,30,20
https://github.com/guardianproject/haven,guardianproject/haven,none,140,117
https://github.com/JakeWharton/u2020,JakeWharton/u2020,none,239,209
https://github.com/apache/pulsar,apache/pulsar,include-Pom,5023,4623
https://github.com/markzhai/AndroidPerformanceMonitor,markzhai/AndroidPerformanceMonitor,none,29,24
https://github.com/nhaarman/ListViewAnimations,nhaarman/ListViewAnimations,include-Pom,70,39
https://github.com/abel533/Mapper,abel533/Mapper,include-Pom,49,25
https://github.com/aa112901/remusic,aa112901/remusic,none,1,1
https://github.com/google/j2objc,google/j2objc,none,361,286
https://github.com/OpenAPITools/openapi-generator,OpenAPITools/openapi-generator,include-Pom,3717,3308
https://github.com/smuyyh/BookReader,smuyyh/BookReader,none,12,3
https://github.com/uber/RIBs,uber/RIBs,none,139,113
https://github.com/Nightonke/BoomMenu,Nightonke/BoomMenu,none,4,3
https://github.com/Devlight/InfiniteCycleViewPager,Devlight/InfiniteCycleViewPager,none,5,3
https://github.com/google/closure-compiler,google/closure-compiler,include-Pom,1009,310
https://github.com/NLPchina/ansj_seg,NLPchina/ansj_seg,include-Pom,76,54
https://github.com/Meituan-Dianping/walle,Meituan-Dianping/walle,none,35,33
https://github.com/sparklemotion/nokogiri,sparklemotion/nokogiri,none,444,249
https://github.com/sockeqwe/mosby,sockeqwe/mosby,none,75,68
https://github.com/hongyangAndroid/FlowLayout,hongyangAndroid/FlowLayout,none,9,7
https://github.com/JakeWharton/DiskLruCache,JakeWharton/DiskLruCache,include-Pom,46,26
https://github.com/evant/gradle-retrolambda,evant/gradle-retrolambda,none,54,32
https://github.com/jgilfelt/SystemBarTint,jgilfelt/SystemBarTint,none,7,3
https://github.com/lets-blade/blade,lets-blade/blade,include-Pom,172,148
https://github.com/alibaba/freeline,alibaba/freeline,none,52,36
https://github.com/ArthurHub/Android-Image-Cropper,ArthurHub/Android-Image-Cropper,none,77,49
https://github.com/google/error-prone,google/error-prone,include-Pom,620,433
https://github.com/ityouknow/spring-cloud-examples,ityouknow/spring-cloud-examples,none,24,0
https://github.com/facebook/facebook-android-sdk,facebook/facebook-android-sdk,none,357,55
https://github.com/yarolegovich/DiscreteScrollView,yarolegovich/DiscreteScrollView,none,17,5
https://github.com/wildfirechat/server,wildfirechat/server,none,11,3
https://github.com/real-logic/aeron,real-logic/aeron,none,417,342
https://github.com/thinkaurelius/titan,thinkaurelius/titan,none,231,131
https://github.com/scribejava/scribejava,scribejava/scribejava,include-Pom,391,132
https://github.com/liyifeng1994/ssm,liyifeng1994/ssm,include-Pom,16,6
https://github.com/k9mail/k-9,k9mail/k-9,none,1970,1310
https://github.com/frogermcs/InstaMaterial,frogermcs/InstaMaterial,none,3,2
https://github.com/wasabeef/richeditor-android,wasabeef/richeditor-android,none,23,20
https://github.com/hanks-zyh/HTextView,hanks-zyh/HTextView,none,18,13
https://github.com/json-path/JsonPath,json-path/JsonPath,none,205,162
https://github.com/Trinea/android-common,Trinea/android-common,include-Pom,9,7
https://github.com/amitshekhariitbhu/Fast-Android-Networking,amitshekhariitbhu/Fast-Android-Networking,none,29,23
https://github.com/lightbend/config,lightbend/config,none,212,173
https://github.com/zo0r/react-native-push-notification,zo0r/react-native-push-notification,none,258,127
https://github.com/williamfiset/Algorithms,williamfiset/Algorithms,none,71,38
https://github.com/jfoenixadmin/JFoenix,jfoenixadmin/JFoenix,none,141,111
https://github.com/SonarSource/sonarqube,SonarSource/sonarqube,none,3239,2187
https://github.com/amitshekhariitbhu/RxJava2-Android-Samples,amitshekhariitbhu/RxJava2-Android-Samples,none,29,25
https://github.com/spring-projects/spring-mvc-showcase,spring-projects/spring-mvc-showcase,include-Pom,29,8
https://github.com/etsy/AndroidStaggeredGrid,etsy/AndroidStaggeredGrid,none,30,24
https://github.com/careercup/ctci,careercup/ctci,none,99,76
https://github.com/haifengl/smile,haifengl/smile,none,150,96
https://github.com/CameraKit/camerakit-android,CameraKit/camerakit-android,none,110,73
https://github.com/orhanobut/dialogplus,orhanobut/dialogplus,none,48,36
https://github.com/rest-assured/rest-assured,rest-assured/rest-assured,include-Pom,162,142
https://github.com/mrniko/netty-socketio,mrniko/netty-socketio,include-Pom,87,64
https://github.com/Vedenin/useful-java-links,Vedenin/useful-java-links,none,64,61
https://github.com/square/sqlbrite,square/sqlbrite,none,126,111
https://github.com/saiwu-bigkoo/Android-ConvenientBanner,saiwu-bigkoo/Android-ConvenientBanner,none,15,7
https://github.com/google/grafika,google/grafika,none,12,5
https://github.com/Ramotion/folding-cell-android,Ramotion/folding-cell-android,none,20,17
https://github.com/google/cameraview,google/cameraview,none,45,15
https://github.com/YunaiV/SpringBoot-Labs,YunaiV/SpringBoot-Labs,include-Pom,2,1
https://github.com/apache/dubbo-spring-boot-project,apache/dubbo-spring-boot-project,include-Pom,198,159
https://github.com/hongyangAndroid/baseAdapter,hongyangAndroid/baseAdapter,none,3,0
https://github.com/JakeWharton/NineOldAndroids,JakeWharton/NineOldAndroids,include-Pom,12,5
https://github.com/wasabeef/Blurry,wasabeef/Blurry,none,13,12
https://github.com/jdamcd/android-crop,jdamcd/android-crop,none,44,25
https://github.com/square/android-times-square,square/android-times-square,none,156,108
https://github.com/SplashCodes/JAViewer,SplashCodes/JAViewer,none,20,4
https://github.com/socketio/socket.io-client-java,socketio/socket.io-client-java,include-Pom,31,21
https://github.com/aporter/coursera-android,aporter/coursera-android,none,16,5
https://github.com/hibernate/hibernate-orm,hibernate/hibernate-orm,none,3238,711
https://github.com/alibaba/dexposed,alibaba/dexposed,none,8,3
https://github.com/cryptomator/cryptomator,cryptomator/cryptomator,none,86,66
https://github.com/AndroidBootstrap/android-bootstrap,AndroidBootstrap/android-bootstrap,none,43,32
https://github.com/MindorksOpenSource/android-mvp-architecture,MindorksOpenSource/android-mvp-architecture,none,15,12
https://github.com/jgilfelt/chuck,jgilfelt/chuck,none,19,8
https://github.com/danikula/AndroidVideoCache,danikula/AndroidVideoCache,none,13,2
https://github.com/OpenTSDB/opentsdb,OpenTSDB/opentsdb,include-Pom,938,389
https://github.com/react-native-community/react-native-device-info,react-native-community/react-native-device-info,none,404,288
https://github.com/careercup/ctci,careercup/ctci,none,99,76
https://github.com/haifengl/smile,haifengl/smile,none,150,96
https://github.com/Devlight/NavigationTabBar,Devlight/NavigationTabBar,none,11,10
https://github.com/apache/zeppelin,apache/zeppelin,include-Pom,3739,23
https://github.com/gabrielemariotti/cardslib,gabrielemariotti/cardslib,none,42,12
https://github.com/rest-assured/rest-assured,rest-assured/rest-assured,include-Pom,162,142
https://github.com/mrniko/netty-socketio,mrniko/netty-socketio,include-Pom,87,64
https://github.com/Vedenin/useful-java-links,Vedenin/useful-java-links,none,64,61
https://github.com/andkulikov/Transitions-Everywhere,andkulikov/Transitions-Everywhere,none,14,13
https://github.com/square/sqlbrite,square/sqlbrite,none,126,111
https://github.com/saiwu-bigkoo/Android-ConvenientBanner,saiwu-bigkoo/Android-ConvenientBanner,none,15,7
https://github.com/google/grafika,google/grafika,none,12,5
https://github.com/Ramotion/folding-cell-android,Ramotion/folding-cell-android,none,20,17
https://github.com/Alluxio/alluxio,Alluxio/alluxio,include-Pom,10815,9193
https://github.com/google/cameraview,google/cameraview,none,45,15
https://github.com/YunaiV/SpringBoot-Labs,YunaiV/SpringBoot-Labs,include-Pom,2,1
https://github.com/apache/tomcat,apache/tomcat,none,292,50
https://github.com/chentao0707/SimplifyReader,chentao0707/SimplifyReader,none,12,11
https://github.com/go-lang-plugin-org/go-lang-idea-plugin,go-lang-plugin-org/go-lang-idea-plugin,none,646,473
https://github.com/Karumi/Dexter,Karumi/Dexter,none,94,70
https://github.com/danielzeller/Depth-LIB-Android-,danielzeller/Depth-LIB-Android-,none,8,7
https://github.com/JakeWharton/NineOldAndroids,JakeWharton/NineOldAndroids,include-Pom,12,5
https://github.com/Tencent/Shadow,Tencent/Shadow,none,121,104
https://github.com/wasabeef/Blurry,wasabeef/Blurry,none,13,12
https://github.com/li-xiaojun/XPopup,li-xiaojun/XPopup,none,6,2
https://github.com/jdamcd/android-crop,jdamcd/android-crop,none,44,25
https://github.com/Flipboard/bottomsheet,Flipboard/bottomsheet,none,65,44
https://github.com/zhanghai/Douya,zhanghai/Douya,none,2,0
https://github.com/SplashCodes/JAViewer,SplashCodes/JAViewer,none,20,4
https://github.com/bytedeco/javacv,bytedeco/javacv,include-Pom,108,89
https://github.com/newbee-ltd/newbee-mall,newbee-ltd/newbee-mall,include-Pom,4,0
https://github.com/socketio/socket.io-client-java,socketio/socket.io-client-java,include-Pom,31,21
https://github.com/kyleduo/SwitchButton,kyleduo/SwitchButton,none,10,5
https://github.com/alibaba/dexposed,alibaba/dexposed,none,8,3
https://github.com/romandanylyk/PageIndicatorView,romandanylyk/PageIndicatorView,none,19,14
https://github.com/AndroidBootstrap/android-bootstrap,AndroidBootstrap/android-bootstrap,none,43,32
https://github.com/MindorksOpenSource/android-mvp-architecture,MindorksOpenSource/android-mvp-architecture,none,15,12
https://github.com/jgilfelt/chuck,jgilfelt/chuck,none,19,8
https://github.com/danikula/AndroidVideoCache,danikula/AndroidVideoCache,none,13,2
https://github.com/ZXZxin/ZXBlog,ZXZxin/ZXBlog,none,0,0
https://github.com/spring-projects/spring-security-oauth,spring-projects/spring-security-oauth,include-Pom,433,36
https://github.com/alibaba/flutter_boost,alibaba/flutter_boost,none,99,58
https://github.com/pedrovgs/AndroidWiFiADB,pedrovgs/AndroidWiFiADB,none,11,10
https://github.com/facebook/shimmer-android,facebook/shimmer-android,none,26,12
https://github.com/ffay/lanproxy,ffay/lanproxy,include-Pom,4,2
https://github.com/Yalantis/Phoenix,Yalantis/Phoenix,none,5,1
https://github.com/puniverse/quasar,puniverse/quasar,none,51,35
https://github.com/hugeterry/CoordinatorTabLayout,hugeterry/CoordinatorTabLayout,none,0,0
https://github.com/baoyachi/StepView,baoyachi/StepView,none,2,2
https://github.com/awangdev/LintCode,awangdev/LintCode,none,12,1
https://github.com/alibaba/jstorm,alibaba/jstorm,include-Pom,67,30
https://github.com/rubensousa/ViewPagerCards,rubensousa/ViewPagerCards,none,1,0
https://github.com/firebase/FirebaseUI-Android,firebase/FirebaseUI-Android,none,722,612
https://github.com/527515025/springBoot,527515025/springBoot,none,15,0
https://github.com/MinecraftForge/MinecraftForge,MinecraftForge/MinecraftForge,none,3439,1558
https://github.com/yasserg/crawler4j,yasserg/crawler4j,none,137,89
https://github.com/ChadCSong/ShineButton,ChadCSong/ShineButton,none,5,5
https://github.com/btraceio/btrace,btraceio/btrace,none,60,53
https://github.com/robinhood/ticker,robinhood/ticker,none,49,46
https://github.com/Anuken/Mindustry,Anuken/Mindustry,none,1344,905
https://github.com/dinuscxj/LoadingDrawable,dinuscxj/LoadingDrawable,none,2,1
https://github.com/razerdp/BasePopup,razerdp/BasePopup,include-Pom,7,7
https://github.com/vavr-io/vavr,vavr-io/vavr,none,1494,1393
https://github.com/bingoogolapple/BGABanner-Android,bingoogolapple/BGABanner-Android,none,38,36
https://github.com/roboguice/roboguice,roboguice/roboguice,include-Pom,61,40
https://github.com/aurelhubert/ahbottomnavigation,aurelhubert/ahbottomnavigation,none,41,28
https://github.com/hazelcast/hazelcast,hazelcast/hazelcast,include-Pom,10871,9571
https://github.com/sofastack/sofa-boot,sofastack/sofa-boot,include-Pom,355,317
https://github.com/airbnb/DeepLinkDispatch,airbnb/DeepLinkDispatch,none,137,122
https://github.com/languagetool-org/languagetool,languagetool-org/languagetool,include-Pom,738,559
https://github.com/hustcc/JS-Sorting-Algorithm,hustcc/JS-Sorting-Algorithm,none,21,16
https://github.com/Manabu-GT/ExpandableTextView,Manabu-GT/ExpandableTextView,none,10,6
https://github.com/MiguelCatalan/MaterialSearchView,MiguelCatalan/MaterialSearchView,none,17,8
https://github.com/yanzhenjie/NoHttp,yanzhenjie/NoHttp,none,9,0
https://github.com/cjlin1/libsvm,cjlin1/libsvm,none,28,0
https://github.com/Meituan-Dianping/Robust,Meituan-Dianping/Robust,none,93,79
https://github.com/orhanobut/hawk,orhanobut/hawk,none,66,50
https://github.com/bitcoinj/bitcoinj,bitcoinj/bitcoinj,none,907,215
https://github.com/alibaba/jvm-sandbox,alibaba/jvm-sandbox,include-Pom,80,55
https://github.com/timehop/sticky-headers-recyclerview,timehop/sticky-headers-recyclerview,none,29,25
https://github.com/nytimes/Store,nytimes/Store,none,218,190
https://github.com/rockerhieu/emojicon,rockerhieu/emojicon,none,35,22
https://github.com/apache/lucene-solr,apache/lucene-solr,none,1318,595
https://github.com/ThirtyDegreesRay/OpenHub,ThirtyDegreesRay/OpenHub,none,46,24
https://github.com/spring-projects/spring-data-examples,spring-projects/spring-data-examples,include-Pom,151,46
https://github.com/iNPUTmice/Conversations,iNPUTmice/Conversations,none,865,499
https://github.com/codingapi/tx-lcn,codingapi/tx-lcn,include-Pom,66,43
https://github.com/raphw/byte-buddy,raphw/byte-buddy,include-Pom,130,107
https://github.com/litesuits/android-common,litesuits/android-common,none,5,3
https://github.com/baoyongzhang/SwipeMenuListView,baoyongzhang/SwipeMenuListView,none,13,10
https://github.com/tyrantgit/ExplosionField,tyrantgit/ExplosionField,none,7,2
https://github.com/zhanglei-workspace/shopping-management-system,zhanglei-workspace/shopping-management-system,none,4,0
https://github.com/xcc3641/SeeWeather,xcc3641/SeeWeather,none,8,3
https://github.com/databricks/learning-spark,databricks/learning-spark,include-Pom,9,5
https://github.com/yhaolpz/FloatWindow,yhaolpz/FloatWindow,none,7,3
https://github.com/apache/incubator-heron,apache/incubator-heron,none,2484,2226
https://github.com/roncoo/roncoo-pay,roncoo/roncoo-pay,include-Pom,10,5
https://github.com/brianway/java-learning,brianway/java-learning,include-Pom,11,3
https://github.com/zzhoujay/RichText,zzhoujay/RichText,none,8,2
https://github.com/Orbiter/anomic_ftp_server,Orbiter/anomic_ftp_server,none,0,0
https://github.com/RadiusNetworks/android-ibeacon-service,RadiusNetworks/android-ibeacon-service,none,8,5
https://github.com/goldze/MVVMHabitComponent,goldze/MVVMHabitComponent,none,0,0
https://github.com/thiagolocatelli/android-uitableview,thiagolocatelli/android-uitableview,none,10,8
https://github.com/romtsn/ArcNavigationView,romtsn/ArcNavigationView,none,2,2
https://github.com/konifar/droidkaigi2016,konifar/droidkaigi2016,none,285,270
https://github.com/jfrog/project-examples,jfrog/project-examples,none,116,73
https://github.com/Himself65/OpenArkCompiler,Himself65/OpenArkCompiler,none,0,0
https://github.com/wealthfront/magellan,wealthfront/magellan,none,33,20
https://github.com/sitewhere/sitewhere,sitewhere/sitewhere,none,95,88
https://github.com/JeasonWong/SlackLoadingView,JeasonWong/SlackLoadingView,none,2,2
https://github.com/MZCretin/AutoUpdateProject,MZCretin/AutoUpdateProject,none,0,0
https://github.com/facebookarchive/jcommon,facebookarchive/jcommon,include-Pom,39,29
https://github.com/StylingAndroid/Prism,StylingAndroid/Prism,none,5,2
https://github.com/MewX/light-novel-library_Wenku8_Android,MewX/light-novel-library_Wenku8_Android,none,7,6
https://github.com/douban/rexxar-android,douban/rexxar-android,none,69,67
https://github.com/GoodieBag/CarouselPicker,GoodieBag/CarouselPicker,none,1,1
https://github.com/ctripcorp/apollo-use-cases,ctripcorp/apollo-use-cases,include-Pom,18,18
https://github.com/ccj659/PopsTabView,ccj659/PopsTabView,none,0,0
https://github.com/ManuelPeinado/RefreshActionItem,ManuelPeinado/RefreshActionItem,include-Pom,5,5
https://github.com/AndroidAlliance/EdgeEffectOverride,AndroidAlliance/EdgeEffectOverride,none,9,7
https://github.com/jiangzehui/polygonsview,jiangzehui/polygonsview,none,0,0
https://github.com/dommerq/SuperListview,dommerq/SuperListview,none,16,15
https://github.com/DigitalPebble/storm-crawler,DigitalPebble/storm-crawler,include-Pom,259,226
https://github.com/jess-anders/two-way-gridview,jess-anders/two-way-gridview,none,3,2
https://github.com/JeasonWong/ElemeShoppingView,JeasonWong/ElemeShoppingView,none,0,0
https://github.com/TestFX/TestFX,TestFX/TestFX,none,363,314
https://github.com/RomanTruba/AndroidTouchGallery,RomanTruba/AndroidTouchGallery,none,10,10
https://github.com/premnirmal/Magnet,premnirmal/Magnet,none,11,8
https://github.com/erikwt/PullToRefresh-ListView,erikwt/PullToRefresh-ListView,none,9,4
https://github.com/LRH1993/AutoFlowLayout,LRH1993/AutoFlowLayout,none,0,0
https://github.com/nuptboyzhb/AndroidPluginFramework,nuptboyzhb/AndroidPluginFramework,none,0,0
https://github.com/Cleveroad/FireworkyPullToRefresh,Cleveroad/FireworkyPullToRefresh,none,8,8
https://github.com/lawloretienne/ImageGallery,lawloretienne/ImageGallery,none,5,2
https://github.com/ikew0ng/Dribbo,ikew0ng/Dribbo,none,4,2
https://github.com/yegor256/takes,yegor256/takes,include-Pom,411,336
https://github.com/hypertrack/live-app-android,hypertrack/live-app-android,none,12,9
https://github.com/dynamitechetan/FogView_Library,dynamitechetan/FogView_Library,none,0,0
https://github.com/dcm4che/dcm4che,dcm4che/dcm4che,include-Pom,237,175
https://github.com/mzgreen/HideOnScrollExample,mzgreen/HideOnScrollExample,none,1,1
https://github.com/akshay2211/Oblique,akshay2211/Oblique,none,2,1
https://github.com/huntermr/FastAndroid,huntermr/FastAndroid,none,5,4
https://github.com/Devskiller/jfairy,Devskiller/jfairy,include-Pom,72,66
https://github.com/littleMeng/video-live,littleMeng/video-live,none,0,0
https://github.com/smuyyh/SprintNBA,smuyyh/SprintNBA,none,2,2
https://github.com/apache/griffin,apache/griffin,include-Pom,567,4
https://github.com/GeekZooStudio/ECMobile_Android,GeekZooStudio/ECMobile_Android,none,0,0
https://github.com/glomadrian/velocimeter-view,glomadrian/velocimeter-view,none,1,1
https://github.com/AleBarreto/DragRecyclerView,AleBarreto/DragRecyclerView,none,2,2
https://github.com/heinrichreimer/material-drawer,heinrichreimer/material-drawer,none,13,4
https://github.com/graalvm/sulong,graalvm/sulong,none,748,602
https://github.com/snakerflow/snakerflow,snakerflow/snakerflow,include-Pom,2,2
https://github.com/republique-et-canton-de-geneve/chvote-1-0,republique-et-canton-de-geneve/chvote-1-0,none,20,16
https://github.com/neevek/Paginize,neevek/Paginize,none,3,2
https://github.com/beworker/tinybus,beworker/tinybus,none,18,4
https://github.com/RiccardoMoro/FreeDrawView,RiccardoMoro/FreeDrawView,none,8,8
https://github.com/alamkanak/android-empty-layout,alamkanak/android-empty-layout,none,1,1
https://github.com/yatoooon/AndroidScreenAdaptation,yatoooon/AndroidScreenAdaptation,none,3,3
https://github.com/satorufujiwara/material-scrolling,satorufujiwara/material-scrolling,none,3,3
https://github.com/jariz/MaterialUp,jariz/MaterialUp,none,9,7
https://github.com/jimkyndemeyer/js-graphql-intellij-plugin,jimkyndemeyer/js-graphql-intellij-plugin,none,13,11
https://github.com/452MJ/C9MJ,452MJ/C9MJ,none,0,0
https://github.com/mthli/Slice,mthli/Slice,none,1,1
https://github.com/yanbober/Android-Blog-Source,yanbober/Android-Blog-Source,none,1,1
https://github.com/aliumujib/Orin,aliumujib/Orin,none,0,0
https://github.com/homcin/Tuikan,homcin/Tuikan,none,2,0
https://github.com/cloverstudio/Spika,cloverstudio/Spika,none,3,3
https://github.com/OAuth-Apis/apis,OAuth-Apis/apis,include-Pom,24,17
https://github.com/rackerlabs/blueflood,rackerlabs/blueflood,include-Pom,759,630
https://github.com/lorensiuswlt/NewQuickAction,lorensiuswlt/NewQuickAction,none,2,2
https://github.com/wustor/GangedRecyclerview,wustor/GangedRecyclerview,none,0,0
https://github.com/paddybyers/anode,paddybyers/anode,none,7,6
https://github.com/nekocode/Emojix,nekocode/Emojix,none,2,2
https://github.com/HuanHaiLiuXin/SnackbarUtils,HuanHaiLiuXin/SnackbarUtils,none,0,0
https://github.com/ybq/ParallaxViewPager,ybq/ParallaxViewPager,none,0,0
https://github.com/boxme/SquareCamera,boxme/SquareCamera,none,6,4
https://github.com/glomadrian/dashed-circular-progress,glomadrian/dashed-circular-progress,none,3,3
https://github.com/soarcn/UndoBar,soarcn/UndoBar,none,15,11
https://github.com/guardianproject/NetCipher,guardianproject/NetCipher,none,77,53
https://github.com/Cleveroad/BubbleAnimationLayout,Cleveroad/BubbleAnimationLayout,none,1,1
https://github.com/lurbas/ListItemView,lurbas/ListItemView,none,9,9
https://github.com/Huawei-Hadoop/hindex,Huawei-Hadoop/hindex,include-Pom,0,0
https://github.com/renaudcerrato/DoorSignView,renaudcerrato/DoorSignView,none,0,0
https://github.com/lewisjdeane/L-Dialogs,lewisjdeane/L-Dialogs,none,17,8
https://github.com/radzio/android-data-binding-recyclerview,radzio/android-data-binding-recyclerview,none,1,1
https://github.com/chihane/JDAddressSelector,chihane/JDAddressSelector,none,0,0
https://github.com/codecentric/chaos-monkey-spring-boot,codecentric/chaos-monkey-spring-boot,include-Pom,97,87
https://github.com/java-diff-utils/java-diff-utils,java-diff-utils/java-diff-utils,include-Pom,22,16
https://github.com/apple/servicetalk,apple/servicetalk,none,933,894
https://github.com/waylife/RedEnvelopeAssistant,waylife/RedEnvelopeAssistant,none,1,1
https://github.com/dialogflow/dialogflow-android-client,dialogflow/dialogflow-android-client,none,9,5
https://github.com/WuXiaolong/AndroidUtils,WuXiaolong/AndroidUtils,none,2,2
https://github.com/novoda/bonfire-firebase-sample,novoda/bonfire-firebase-sample,none,8,7
https://github.com/support-project/knowledge,support-project/knowledge,none,527,508
https://github.com/kongnanlive/android-combination-avatar,kongnanlive/android-combination-avatar,none,0,0
https://github.com/CPPAlien/ChatKeyboard,CPPAlien/ChatKeyboard,none,3,3
https://github.com/xingrz/GankMeizhi,xingrz/GankMeizhi,none,0,0
https://github.com/PaNaVTEC/DrawableView,PaNaVTEC/DrawableView,none,0,0
https://github.com/zeromq/jzmq,zeromq/jzmq,include-Pom,214,191
https://github.com/SachinVin/citra_android,SachinVin/citra_android,none,9,4
https://github.com/TomWithJerry/CoolAndroidAnim,TomWithJerry/CoolAndroidAnim,none,27,25
https://github.com/czy1121/cornerlabelview,czy1121/cornerlabelview,none,0,0
https://github.com/h6ah4i/android-materialshadowninepatch,h6ah4i/android-materialshadowninepatch,none,2,2
https://github.com/googlearchive/android-play-places,googlearchive/android-play-places,none,6,4
https://github.com/tosslife/FoldingTabBar.Android,tosslife/FoldingTabBar.Android,none,2,2
https://github.com/dbachelder/CreditCardEntry,dbachelder/CreditCardEntry,none,27,18
https://github.com/optimaize/language-detector,optimaize/language-detector,include-Pom,12,9
https://github.com/PomepuyN/discreet-app-rate,PomepuyN/discreet-app-rate,none,15,13
https://github.com/dustin/java-memcached-client,dustin/java-memcached-client,include-Pom,20,0
https://github.com/googlearchive/easygoogle,googlearchive/easygoogle,none,12,12
https://github.com/SilenceDut/ExpandableLayout,SilenceDut/ExpandableLayout,none,1,1
https://github.com/Akdeniz/google-play-crawler,Akdeniz/google-play-crawler,include-Pom,3,3
https://github.com/StevenByle/Android-Material-Themes-Demo,StevenByle/Android-Material-Themes-Demo,none,6,6
https://github.com/CognitiveJ/cognitivej,CognitiveJ/cognitivej,none,6,4
https://github.com/IanGClifton/AndroidFloatLabel,IanGClifton/AndroidFloatLabel,none,6,5
https://github.com/Hariofspades/Dagger-2-Advanced,Hariofspades/Dagger-2-Advanced,none,3,3
https://github.com/fengzhizi715/ProxyPool,fengzhizi715/ProxyPool,none,0,0
https://github.com/Netflix/karyon,Netflix/karyon,none,206,194
https://github.com/hongyangAndroid/ColorfulStatusBar,hongyangAndroid/ColorfulStatusBar,none,1,1
https://github.com/apache/servicecomb-toolkit,apache/servicecomb-toolkit,include-Pom,71,63
https://github.com/werbhelius/GankWithZhihu,werbhelius/GankWithZhihu,none,2,2
https://github.com/githubwing/ThreeDLayout,githubwing/ThreeDLayout,none,0,0
https://github.com/CoderGuoy/Coder,CoderGuoy/Coder,none,0,0
https://github.com/sunfusheng/In-depthStudy,sunfusheng/In-depthStudy,none,0,0
https://github.com/nuuneoi/StatedFragment,nuuneoi/StatedFragment,none,0,0
https://github.com/kenumir/android-calendar-card,kenumir/android-calendar-card,none,0,0
https://github.com/rubengees/introduction,rubengees/introduction,none,5,4
https://github.com/Jaouan/CompoundLayout,Jaouan/CompoundLayout,none,0,0
https://github.com/Exslims/MercuryTrade,Exslims/MercuryTrade,include-Pom,19,12
https://github.com/onepf/OpenIAB,onepf/OpenIAB,none,162,116
https://github.com/romannurik/dashclock,romannurik/dashclock,none,17,12
https://github.com/timroes/EnhancedListView,timroes/EnhancedListView,none,8,4
https://github.com/lkuza2/java-speech-api,lkuza2/java-speech-api,include-Pom,24,21
https://github.com/wuhenzhizao/android-sku,wuhenzhizao/android-sku,none,1,1
https://github.com/hanks-zyh/AnimateCheckBox,hanks-zyh/AnimateCheckBox,none,0,0
https://github.com/huangwm1984/AndroidBase,huangwm1984/AndroidBase,none,1,0
https://github.com/yxs666/cniao5-shop,yxs666/cniao5-shop,none,0,0
https://github.com/apache/servicecomb-fence,apache/servicecomb-fence,include-Pom,14,14
https://github.com/nccgroup/freddy,nccgroup/freddy,none,3,3
https://github.com/davideas/FlipView,davideas/FlipView,none,4,3
https://github.com/udacity/Just-Java,udacity/Just-Java,none,3,2
https://github.com/sitemesh/sitemesh3,sitemesh/sitemesh3,include-Pom,17,16
https://github.com/OUYANGSIHAI/sihai-maven-ssm-alipay,OUYANGSIHAI/sihai-maven-ssm-alipay,include-Pom,0,0
https://github.com/whitesock/open-replicator,whitesock/open-replicator,include-Pom,4,3
https://github.com/medyo/Dynamicbox,medyo/Dynamicbox,none,7,6
https://github.com/Hitomis/ThumbnailMenu,Hitomis/ThumbnailMenu,none,0,0
https://github.com/mission008/B2CWeb,mission008/B2CWeb,none,0,0
https://github.com/dwmkerr/app-icon,dwmkerr/app-icon,none,70,60
https://github.com/nolanlawson/Catlog,nolanlawson/Catlog,none,12,7
https://github.com/spring-projects/rest-shell,spring-projects/rest-shell,none,10,8
https://github.com/linkaipeng/NumberCodeView,linkaipeng/NumberCodeView,none,0,0
https://github.com/peng8350/JPSpringMenu,peng8350/JPSpringMenu,none,0,0
https://github.com/impossibl/pgjdbc-ng,impossibl/pgjdbc-ng,none,234,176
https://github.com/Yarikx/reductor,Yarikx/reductor,none,16,14
https://github.com/ericmaxwell2003/ticTacToe,ericmaxwell2003/ticTacToe,none,4,3
https://github.com/matrixxun/ImmersiveDetailSample,matrixxun/ImmersiveDetailSample,none,1,1
https://github.com/D-clock/AndroidStudyCode,D-clock/AndroidStudyCode,none,0,0
https://github.com/barryhappy/TEmptyView,barryhappy/TEmptyView,none,0,0
https://github.com/tiagorlampert/sAINT,tiagorlampert/sAINT,include-Pom,1,1
https://github.com/zhangke3016/ViewSpreadTranslationController,zhangke3016/ViewSpreadTranslationController,none,0,0
https://github.com/nero520/mybatis,nero520/mybatis,include-Pom,0,0
https://github.com/Jaouan/Revealator,Jaouan/Revealator,none,0,0
https://github.com/android-cjj/ComicReader,android-cjj/ComicReader,none,0,0
https://github.com/BelkaLab/Android-Toggle-Switch,BelkaLab/Android-Toggle-Switch,none,4,1
https://github.com/xm0625/VBrowser-Android,xm0625/VBrowser-Android,none,2,1
https://github.com/grandstaish/hello-mvp-dagger-2,grandstaish/hello-mvp-dagger-2,none,0,0
https://github.com/shontauro/android-pulltorefresh-and-loadmore,shontauro/android-pulltorefresh-and-loadmore,none,7,6
https://github.com/akquinet/android-archetypes,akquinet/android-archetypes,include-Pom,29,25
https://github.com/material-motion/material-motion-android,material-motion/material-motion-android,none,5,5
https://github.com/megagao/IndoorPos,megagao/IndoorPos,include-Pom,1,1
https://github.com/android10/arrow,android10/arrow,none,2,2
https://github.com/StevenRudenko/ActionsContentView,StevenRudenko/ActionsContentView,none,10,6
https://github.com/Doctoror/ParticlesDrawable,Doctoror/ParticlesDrawable,none,0,0
https://github.com/hongyangAndroid/ColorTrackView,hongyangAndroid/ColorTrackView,none,0,0
https://github.com/zheludkovm/LinuxJavaFixes,zheludkovm/LinuxJavaFixes,include-Pom,4,3
https://github.com/mirkonasato/jodconverter,mirkonasato/jodconverter,none,4,1
https://github.com/qinci/AndroidEdit,qinci/AndroidEdit,none,0,0
https://github.com/addthis/hydra,addthis/hydra,include-Pom,272,199
https://github.com/Rukey7/IjkPlayerView,Rukey7/IjkPlayerView,none,0,0
https://github.com/vaadin/dashboard-demo,vaadin/dashboard-demo,none,25,22
https://github.com/feeeei/CircleSeekbar,feeeei/CircleSeekbar,none,3,3
https://github.com/elevenetc/BadgeView,elevenetc/BadgeView,none,0,0
https://github.com/ValuesFeng/AndroidPicturePicker,ValuesFeng/AndroidPicturePicker,none,4,4
https://github.com/ribot/easy-adapter,ribot/easy-adapter,none,18,16
https://github.com/ditclear/TimeLine,ditclear/TimeLine,none,1,1
https://github.com/redpen-cc/redpen,redpen-cc/redpen,include-Pom,535,512
https://github.com/DevinShine/MagicCircle,DevinShine/MagicCircle,none,3,3
https://github.com/StomHong/CustomizeKeyboard,StomHong/CustomizeKeyboard,none,0,0
https://github.com/duckduckgo/android-search-and-stories,duckduckgo/android-search-and-stories,none,120,99
https://github.com/alkacon/opencms-core,alkacon/opencms-core,none,132,58
https://github.com/maksim88/PasswordEditText,maksim88/PasswordEditText,none,0,0
https://github.com/xiaoxiangyeyuHeaven/HeavenlyModule,xiaoxiangyeyuHeaven/HeavenlyModule,none,0,0
https://github.com/baidu/Jprotobuf-rpc-socket,baidu/Jprotobuf-rpc-socket,include-Pom,7,4
https://github.com/yxl/DownloadProvider,yxl/DownloadProvider,none,2,2
https://github.com/hsiafan/requests,hsiafan/requests,include-Pom,6,4
https://github.com/yoyiyi/bilisoleil,yoyiyi/bilisoleil,none,0,0
https://github.com/alphamu/AnimatedEditText,alphamu/AnimatedEditText,none,4,2
https://github.com/MinecraftForge/FML,MinecraftForge/FML,none,302,102
https://github.com/wusp/IndicatorBox,wusp/IndicatorBox,none,0,0
https://github.com/evernote/evernote-sdk-android,evernote/evernote-sdk-android,none,24,14